<PAMDataset>
  <Metadata>
    <MDI key="DataType">Thematic</MDI>
  </Metadata>
  <PAMRasterBand band="1">
    <Description>Layer_1</Description>
    <Histograms>
      <HistItem>
        <HistMin>-0.5</HistMin>
        <HistMax>95.5</HistMax>
        <BucketCount>96</BucketCount>
        <IncludeOutOfRange>1</IncludeOutOfRange>
        <Approximate>0</Approximate>
        <HistCounts>14681089|0|0|0|0|0|0|0|0|0|0|15856941|0|0|0|0|0|0|0|0|0|7395535|5044462|3412681|1067212|0|0|0|0|0|0|731028|0|0|0|0|0|0|0|0|0|37065663|29197109|47868490|0|0|0|0|0|0|0|0|5700201|0|0|0|0|0|0|0|0|0|0|0|0|0|0|0|0|0|0|3278522|0|0|0|0|0|0|0|0|0|5382054|1707365|0|0|0|0|0|0|0|17200850|0|0|0|0|1936692</HistCounts>
      </HistItem>
    </Histograms>
    <Metadata>
      <MDI key="BandName">Layer_1</MDI>
      <MDI key="RepresentationType">THEMATIC</MDI>
      <MDI key="STATISTICS_COVARIANCES">543.9488769754648</MDI>
      <MDI key="STATISTICS_EXCLUDEDVALUES"></MDI>
      <MDI key="STATISTICS_MAXIMUM">95</MDI>
      <MDI key="STATISTICS_MEAN">41.559063937186</MDI>
      <MDI key="STATISTICS_MINIMUM">0</MDI>
      <MDI key="STATISTICS_SKIPFACTORX">1</MDI>
      <MDI key="STATISTICS_SKIPFACTORY">1</MDI>
      <MDI key="STATISTICS_STDDEV">23.322711612835</MDI>
    </Metadata>
  </PAMRasterBand>
</PAMDataset>
