<metadata><idinfo><citation><citeinfo><origin>James A Falcone</origin><pubdate>2016</pubdate><title>U.S. block-level population density raster for the year 2010</title><geoform>Raster Digital Data Set</geoform><onlink>http://dx.doi.org/10.5066/F74J0C6M</onlink></citeinfo></citation><descript><abstract>This raster dataset is a 60-meter resolution of block-level population density for the year 2010, in units of persons per square kilometer.  The data are based on 2010 Census block boundaries and were created from vector data downloaded from the U.S. Census.</abstract><purpose>The data are intended for GIS-based area calculations, for example calculating mean population density for watersheds.</purpose><supplinf>This dataset is not directly comparable at the block scale to the companion 2000 and 1990 raster datasets in this data release, which are based on 2000 block boundaries, because of changes between the 2000 and 2010 block boundaries.  However, the datasets are believed to be directly comparable at somewhat coarser scales,   The exact scale at which all three datasets are comparable is unknown, but for areas approximately 50 square kilometers and coarser, the vast majority of change measured among datasets is likely to be from actual population change, and not from boundary change.</supplinf></descript><timeperd><timeinfo><sngdate><caldate>2010</caldate></sngdate></timeinfo><current>observed</current></timeperd><status><progress>Complete</progress><update>None planned</update></status><spdom><bounding><westbc>-127.922322113</westbc><eastbc>-65.023446015</eastbc><northbc>50.630121493</northbc><southbc>22.592853684</southbc></bounding></spdom><keywords><theme><themekt>None</themekt><themekey>Population density</themekey><themekey>2010 Census</themekey></theme><place><placekt>None</placekt><placekey>United States</placekey></place></keywords><accconst>None. Please see 'Distribution Info' for details.</accconst><useconst>The rasters were created as integer datasets, which rounded floating point values down to the next lowest integer.  Thus, very low population densities, between 0 and 1.0 will be represented as 0 in this dataset.</useconst><ptcontac><cntinfo><cntorgp><cntorg>US Geological Survey, NAWQA</cntorg><cntper>James Falcone</cntper></cntorgp><cntaddr><addrtype>Mailing</addrtype><address>12201 Sunrise Valley Dr</address><address>MS 413 National Center</address><city>Reston</city><state>VA</state><postal>20192</postal><country>USA</country></cntaddr><cntvoice>703-648-5008</cntvoice><cntemail>jfalcone@usgs.gov</cntemail></cntinfo></ptcontac><native>Environment as of Metadata Creation: Microsoft Windows 7 Version 6.1 (Build 7601) Service Pack 1; Esri ArcGIS 10.3.1 (Build 4959) Service Pack N/A (Build N/A)</native></idinfo><dataqual><attracc><attraccr>No formal attribute accuracy tests were conducted.</attraccr></attracc><logic>No formal logical accuracy tests were conducted.</logic><complete>Data set is considered complete for the information presented, as described in the abstract. Users are advised to read the rest of the metadata record carefully for additional details.</complete><posacc><horizpa><horizpar>A formal accuracy assessment of the horizontal positional information in the data set has not been conducted.</horizpar></horizpa><vertacc><vertaccr>A formal accuracy assessment of the vertical positional information in the data set has either not been conducted, or is not applicable.</vertaccr></vertacc></posacc><lineage><srcinfo><srccite><citeinfo><origin>U.S. Census Bureau</origin><pubdate>20110608</pubdate><title>U.S Census block data</title><geoform>Vector Digital Data Set</geoform><pubinfo><pubplace>online</pubplace><publish>U.S. Census Bureau</publish></pubinfo><onlink>ftp://ftp2.census.gov/geo/tiger/TIGER2010BLKPOPHU</onlink></citeinfo></srccite><typesrc>Digital and/or Hardcopy Resources</typesrc><srctime><timeinfo><sngdate><caldate>2010</caldate></sngdate></timeinfo><srccurr>observed</srccurr></srctime><srccitea>U.S. Census Bureau 2010 block data</srccitea><srccontr>Census block data in polygon format with 2010 population counts.</srccontr></srcinfo><procstep><procdesc>1) Data were dowloaded from: ftp://ftp2.census.gov/geo/tiger/TIGER2010BLKPOPHU
This Census ftp site contains shapefiles of census blocks by state with 2010 population and housing counts.
2) The 60-meter (m) resolution national raster was created as follows:
- An area field was added to each state shapefile and calculated as area in square kilometers.
- A population density field was added to each state shapefile and the census source field POP10 was divided by the area field to get population density in persons per square kilometer.
- The shapefiles were converted to 60-m rasters based on the population density field.
- The rasters were merged to create a national raster.</procdesc><procdate>20130226</procdate></procstep></lineage></dataqual><spdoinfo><direct>Raster</direct><rastinfo><rasttype>Grid Cell</rasttype><rowcount>48946</rowcount><colcount>77346</colcount><vrtcount>1</vrtcount></rastinfo></spdoinfo><spref><horizsys><planar><planci><plance>row and column</plance><coordrep><absres>60.0</absres><ordres>60.0</ordres></coordrep><plandu>Meter</plandu></planci></planar><geodetic><horizdn>D_North_American_1983</horizdn><ellips>GRS_1980</ellips><semiaxis>6378137.0</semiaxis><denflat>298.257222101</denflat></geodetic></horizsys></spref><eainfo><detailed><enttyp><enttypl>Attribute Table</enttypl><enttypd>Table containing attribute information associated with the data set.</enttypd><enttypds>U.S. Geological Survey</enttypds></enttyp><attr><attrlabl>Value</attrlabl><attrdef>Population density in values of persons per sq km</attrdef><attrdefs>U.S. Geological Survey</attrdefs><attrdomv><rdom><rdommin>0</rdommin><rdommax>3183020</rdommax></rdom></attrdomv></attr></detailed><overview><eaover>The entity and attribute information provided here describes the tabular data associated with the data set. Please review the detailed descriptions that are provided (the individual attribute descriptions) for information on the values that appear as fields/table entries of the data set.</eaover><eadetcit>The entity and attribute information was generated by the individual and/or agency identified as the originator of the data set. Please review the rest of the metadata record for additional details and information.</eadetcit></overview></eainfo><distinfo><distrib><cntinfo><cntorgp><cntorg>US Geological Survey - ScienceBase</cntorg></cntorgp><cntaddr><addrtype>Mailing</addrtype><address>Denver Federal Center, Building 810, Mail Stop 302</address><city>Denver</city><state>CO</state><postal>80225</postal><country>USA</country></cntaddr><cntvoice>1-888-275-8747 (1-888-ASK-USGS)</cntvoice><cntemail>sciencebase@usgs.gov</cntemail></cntinfo></distrib><distliab>Although this data set has been used by the U.S. Geological
Survey, U.S. Department of the Interior, no warranty expressed or
implied is made by the U.S. Geological Survey as to the accuracy
of the data and related materials. The act of distribution shall not 
constitute any such warranty, and no responsibility is assumed by 
the U.S. Geological Survey in the use of this data, software, or 
related materials.
Any use of trade, product, or firm names is for descriptive 
purposes only and does not imply endorsement by the U.S. 
Government.</distliab><stdorder><digform><digtinfo><formname>Raster Digital Data Set</formname></digtinfo><digtopt><onlinopt><computer><networka><networkr>http://dx.doi.org/10.5066/F74J0C6M</networkr></networka></computer></onlinopt></digtopt></digform><fees>None. No fees are applicable for obtaining the data set.</fees></stdorder></distinfo><metainfo><metd>20161026</metd><metc><cntinfo><cntperp><cntper>James Falcone</cntper><cntorg>U.S. Geological Survey</cntorg></cntperp><cntpos>Ask USGS -- Water Webserver Team</cntpos><cntaddr><addrtype>Mailing</addrtype><address>12201 Sunrise Valley Dr</address><city>Reston</city><state>VA</state><postal>20192</postal><country>USA</country></cntaddr><cntvoice>1-888-275-8747 (1-888-ASK-USGS)</cntvoice><cntemail>https://answers.usgs.gov/</cntemail></cntinfo></metc><metstdn>FGDC Content Standard for Digital Geospatial Metadata</metstdn><metstdv>FGDC-STD-001-1998</metstdv></metainfo><dataIdInfo><envirDesc Sync="TRUE"> Version 6.2 (Build 9200) ; Esri ArcGIS 10.7.1.11595</envirDesc><dataLang><languageCode value="eng" Sync="TRUE"></languageCode><countryCode value="USA" Sync="TRUE"></countryCode></dataLang><idCitation><resTitle Sync="TRUE">pden2010_60m.tif</resTitle><presForm><PresFormCd value="005" Sync="TRUE"></PresFormCd></presForm></idCitation><spatRpType><SpatRepTypCd value="002" Sync="TRUE"></SpatRepTypCd></spatRpType><dataExt><geoEle><GeoBndBox esriExtentType="search"><exTypeCode Sync="TRUE">1</exTypeCode><westBL Sync="TRUE">-75.891675</westBL><eastBL Sync="TRUE">-65.188303</eastBL><northBL Sync="TRUE">49.446664</northBL><southBL Sync="TRUE">39.966968</southBL></GeoBndBox></geoEle></dataExt></dataIdInfo><mdLang><languageCode value="eng" Sync="TRUE"></languageCode><countryCode value="USA" Sync="TRUE"></countryCode></mdLang><Esri><DataProperties><itemProps><itemName Sync="TRUE">pden2010_60m.tif</itemName><itemLocation><linkage Sync="TRUE">file://C:\Users\lak17007\Dropbox\Research_Projects\EPSCoR\epscor_site_characteristics\data\popden2010\pden2010_block_vpu01\pden2010_60m.tif</linkage><protocol Sync="TRUE">Local Area Network</protocol></itemLocation><imsContentType Sync="TRUE">002</imsContentType><nativeExtBox><westBL Sync="TRUE">1657246.816100</westBL><eastBL Sync="TRUE">2282806.816100</eastBL><southBL Sync="TRUE">2213922.633000</southBL><northBL Sync="TRUE">3136482.633000</northBL><exTypeCode Sync="TRUE">1</exTypeCode></nativeExtBox></itemProps><coordRef><type Sync="TRUE">Projected</type><geogcsn Sync="TRUE">GCS_North_American_1983</geogcsn><csUnits Sync="TRUE">Linear Unit: Meter (1.000000)</csUnits><projcsn Sync="TRUE">NAD_1983_Albers</projcsn><peXml Sync="TRUE">&lt;ProjectedCoordinateSystem xsi:type='typens:ProjectedCoordinateSystem' xmlns:xsi='http://www.w3.org/2001/XMLSchema-instance' xmlns:xs='http://www.w3.org/2001/XMLSchema' xmlns:typens='http://www.esri.com/schemas/ArcGIS/10.7'&gt;&lt;WKT&gt;PROJCS[&amp;quot;NAD_1983_Albers&amp;quot;,GEOGCS[&amp;quot;GCS_North_American_1983&amp;quot;,DATUM[&amp;quot;D_North_American_1983&amp;quot;,SPHEROID[&amp;quot;GRS_1980&amp;quot;,6378137.0,298.257222101]],PRIMEM[&amp;quot;Greenwich&amp;quot;,0.0],UNIT[&amp;quot;Degree&amp;quot;,0.0174532925199433]],PROJECTION[&amp;quot;Albers&amp;quot;],PARAMETER[&amp;quot;false_easting&amp;quot;,0.0],PARAMETER[&amp;quot;false_northing&amp;quot;,0.0],PARAMETER[&amp;quot;central_meridian&amp;quot;,-96.0],PARAMETER[&amp;quot;standard_parallel_1&amp;quot;,29.5],PARAMETER[&amp;quot;standard_parallel_2&amp;quot;,45.5],PARAMETER[&amp;quot;latitude_of_origin&amp;quot;,23.0],UNIT[&amp;quot;Meter&amp;quot;,1.0]]&lt;/WKT&gt;&lt;XOrigin&gt;-16901100&lt;/XOrigin&gt;&lt;YOrigin&gt;-6972200&lt;/YOrigin&gt;&lt;XYScale&gt;266467840.99085236&lt;/XYScale&gt;&lt;ZOrigin&gt;-100000&lt;/ZOrigin&gt;&lt;ZScale&gt;10000&lt;/ZScale&gt;&lt;MOrigin&gt;-100000&lt;/MOrigin&gt;&lt;MScale&gt;10000&lt;/MScale&gt;&lt;XYTolerance&gt;0.001&lt;/XYTolerance&gt;&lt;ZTolerance&gt;0.001&lt;/ZTolerance&gt;&lt;MTolerance&gt;0.001&lt;/MTolerance&gt;&lt;HighPrecision&gt;true&lt;/HighPrecision&gt;&lt;/ProjectedCoordinateSystem&gt;</peXml></coordRef><RasterProperties><General><PixelDepth Sync="TRUE">32</PixelDepth><HasColormap Sync="TRUE">FALSE</HasColormap><CompressionType Sync="TRUE">LZW</CompressionType><NumBands Sync="TRUE">1</NumBands><Format Sync="TRUE">TIFF</Format><HasPyramids Sync="TRUE">TRUE</HasPyramids><SourceType Sync="TRUE">continuous</SourceType><PixelType Sync="TRUE">signed integer</PixelType><NoDataValue Sync="TRUE">-2.1474836e+09</NoDataValue></General></RasterProperties><lineage><Process ToolSource="c:\program files (x86)\arcgis\desktop10.7\ArcToolbox\Toolboxes\Data Management Tools.tbx\Clip" Date="20200105" Time="171832">Clip pden2010_60m.tif "1657275.84790146 2213963.9938027 2443542.13157552 3136423.27871597" C:\Users\lak17007\Dropbox\Research_Projects\EPSCoR\epscor_site_characteristics\data\popden2010\pden2010_block_vpu01\pden2010_60m.tif VPU01_boundary -2147483647 NONE NO_MAINTAIN_EXTENT</Process></lineage></DataProperties><SyncDate>20200105</SyncDate><SyncTime>17183100</SyncTime><ModDate>20200105</ModDate><ModTime>17183100</ModTime></Esri><distInfo><distFormat><formatName Sync="TRUE">Raster Dataset</formatName></distFormat></distInfo><mdHrLv><ScopeCd value="005" Sync="TRUE"></ScopeCd></mdHrLv><mdHrLvName Sync="TRUE">dataset</mdHrLvName><refSysInfo><RefSystem><refSysID><identCode code="0" Sync="TRUE"></identCode></refSysID></RefSystem></refSysInfo><spatRepInfo><Georect><cellGeo><CellGeoCd Sync="TRUE" value="002"></CellGeoCd></cellGeo><numDims Sync="TRUE">2</numDims><tranParaAv Sync="TRUE">1</tranParaAv><chkPtAv Sync="TRUE">0</chkPtAv><cornerPts><pos Sync="TRUE">1657246.816100 2213922.633000</pos></cornerPts><cornerPts><pos Sync="TRUE">1657246.816100 3136482.633000</pos></cornerPts><cornerPts><pos Sync="TRUE">2282806.816100 3136482.633000</pos></cornerPts><cornerPts><pos Sync="TRUE">2282806.816100 2213922.633000</pos></cornerPts><centerPt><pos Sync="TRUE">1970026.816100 2675202.633000</pos></centerPt><axisDimension type="002"><dimSize Sync="TRUE">10426</dimSize><dimResol><value Sync="TRUE" uom="m">60.000000</value></dimResol></axisDimension><axisDimension type="001"><dimSize Sync="TRUE">15376</dimSize><dimResol><value Sync="TRUE" uom="m">60.000000</value></dimResol></axisDimension><ptInPixel><PixOrientCd Sync="TRUE" value="001"></PixOrientCd></ptInPixel></Georect></spatRepInfo><contInfo><ImgDesc><contentTyp><ContentTypCd Sync="TRUE" value="001"></ContentTypCd></contentTyp><covDim><Band><dimDescrp Sync="TRUE">Band_1</dimDescrp><maxVal Sync="TRUE">469357.000000</maxVal><minVal Sync="TRUE">0.000000</minVal><bitsPerVal Sync="TRUE">32</bitsPerVal><valUnit><UOM type="length"></UOM></valUnit></Band></covDim></ImgDesc></contInfo><mdDateSt Sync="TRUE">20200105</mdDateSt></metadata>
